"id_tiempo","fecha","año","semestre","trimestre","mes","mes_nombre","semana","dia_semana","fecha_inicio_año","fecha_fin_año","fecha_inicio_semestre","fecha_fin_semestre","fecha_inicio_trimestre","fecha_fin_trimestre","fecha_inicio_mes","fecha_fin_mes","fecha_inicio_semana","fecha_fin_semana"
20200310,2020-03-10,2020,1,1,3,Marzo,11,Martes,2020-01-01,2020-12-30,2020-01-01,2020-06-30,2020-01-01,2020-03-31,2020-03-01,2020-03-31,2020-03-09,2020-03-15
20200311,2020-03-11,2020,1,1,3,Marzo,11,Miércoles,2020-01-01,2020-12-30,2020-01-01,2020-06-30,2020-01-01,2020-03-31,2020-03-01,2020-03-31,2020-03-09,2020-03-15
20200312,2020-03-12,2020,1,1,3,Marzo,11,Jueves,2020-01-01,2020-12-30,2020-01-01,2020-06-30,2020-01-01,2020-03-31,2020-03-01,2020-03-31,2020-03-09,2020-03-15
20200313,2020-03-13,2020,1,1,3,Marzo,11,Viernes,2020-01-01,2020-12-30,2020-01-01,2020-06-30,2020-01-01,2020-03-31,2020-03-01,2020-03-31,2020-03-09,2020-03-15
20200314,2020-03-14,2020,1,1,3,Marzo,11,Sábado,2020-01-01,2020-12-30,2020-01-01,2020-06-30,2020-01-01,2020-03-31,2020-03-01,2020-03-31,2020-03-09,2020-03-15
20200315,2020-03-15,2020,1,1,3,Marzo,11,Domingo,2020-01-01,2020-12-30,2020-01-01,2020-06-30,2020-01-01,2020-03-31,2020-03-01,2020-03-31,2020-03-09,2020-03-15
20200316,2020-03-16,2020,1,1,3,Marzo,12,Lunes,2020-01-01,2020-12-30,2020-01-01,2020-06-30,2020-01-01,2020-03-31,2020-03-01,2020-03-31,2020-03-16,2020-03-22
20200317,2020-03-17,2020,1,1,3,Marzo,12,Martes,2020-01-01,2020-12-30,2020-01-01,2020-06-30,2020-01-01,2020-03-31,2020-03-01,2020-03-31,2020-03-16,2020-03-22
20200318,2020-03-18,2020,1,1,3,Marzo,12,Miércoles,2020-01-01,2020-12-30,2020-01-01,2020-06-30,2020-01-01,2020-03-31,2020-03-01,2020-03-31,2020-03-16,2020-03-22
20200319,2020-03-19,2020,1,1,3,Marzo,12,Jueves,2020-01-01,2020-12-30,2020-01-01,2020-06-30,2020-01-01,2020-03-31,2020-03-01,2020-03-31,2020-03-16,2020-03-22
20200320,2020-03-20,2020,1,1,3,Marzo,12,Viernes,2020-01-01,2020-12-30,2020-01-01,2020-06-30,2020-01-01,2020-03-31,2020-03-01,2020-03-31,2020-03-16,2020-03-22
20200321,2020-03-21,2020,1,1,3,Marzo,12,Sábado,2020-01-01,2020-12-30,2020-01-01,2020-06-30,2020-01-01,2020-03-31,2020-03-01,2020-03-31,2020-03-16,2020-03-22
20200322,2020-03-22,2020,1,1,3,Marzo,12,Domingo,2020-01-01,2020-12-30,2020-01-01,2020-06-30,2020-01-01,2020-03-31,2020-03-01,2020-03-31,2020-03-16,2020-03-22
20200323,2020-03-23,2020,1,1,3,Marzo,13,Lunes,2020-01-01,2020-12-30,2020-01-01,2020-06-30,2020-01-01,2020-03-31,2020-03-01,2020-03-31,2020-03-23,2020-03-29
20200324,2020-03-24,2020,1,1,3,Marzo,13,Martes,2020-01-01,2020-12-30,2020-01-01,2020-06-30,2020-01-01,2020-03-31,2020-03-01,2020-03-31,2020-03-23,2020-03-29
20200325,2020-03-25,2020,1,1,3,Marzo,13,Miércoles,2020-01-01,2020-12-30,2020-01-01,2020-06-30,2020-01-01,2020-03-31,2020-03-01,2020-03-31,2020-03-23,2020-03-29
20200326,2020-03-26,2020,1,1,3,Marzo,13,Jueves,2020-01-01,2020-12-30,2020-01-01,2020-06-30,2020-01-01,2020-03-31,2020-03-01,2020-03-31,2020-03-23,2020-03-29
20200327,2020-03-27,2020,1,1,3,Marzo,13,Viernes,2020-01-01,2020-12-30,2020-01-01,2020-06-30,2020-01-01,2020-03-31,2020-03-01,2020-03-31,2020-03-23,2020-03-29
20200328,2020-03-28,2020,1,1,3,Marzo,13,Sábado,2020-01-01,2020-12-30,2020-01-01,2020-06-30,2020-01-01,2020-03-31,2020-03-01,2020-03-31,2020-03-23,2020-03-29
20200329,2020-03-29,2020,1,1,3,Marzo,13,Domingo,2020-01-01,2020-12-30,2020-01-01,2020-06-30,2020-01-01,2020-03-31,2020-03-01,2020-03-31,2020-03-23,2020-03-29
20200330,2020-03-30,2020,1,1,3,Marzo,14,Lunes,2020-01-01,2020-12-30,2020-01-01,2020-06-30,2020-01-01,2020-03-31,2020-03-01,2020-03-31,2020-03-30,2020-04-05
20200331,2020-03-31,2020,1,1,3,Marzo,14,Martes,2020-01-01,2020-12-30,2020-01-01,2020-06-30,2020-01-01,2020-03-31,2020-03-01,2020-03-31,2020-03-30,2020-04-05
20200401,2020-04-01,2020,1,2,4,Abril,14,Miércoles,2020-01-01,2020-12-30,2020-01-01,2020-06-30,2020-04-01,2020-06-30,2020-04-01,2020-04-30,2020-03-30,2020-04-05
20200402,2020-04-02,2020,1,2,4,Abril,14,Jueves,2020-01-01,2020-12-30,2020-01-01,2020-06-30,2020-04-01,2020-06-30,2020-04-01,2020-04-30,2020-03-30,2020-04-05
20200403,2020-04-03,2020,1,2,4,Abril,14,Viernes,2020-01-01,2020-12-30,2020-01-01,2020-06-30,2020-04-01,2020-06-30,2020-04-01,2020-04-30,2020-03-30,2020-04-05
20200404,2020-04-04,2020,1,2,4,Abril,14,Sábado,2020-01-01,2020-12-30,2020-01-01,2020-06-30,2020-04-01,2020-06-30,2020-04-01,2020-04-30,2020-03-30,2020-04-05
20200405,2020-04-05,2020,1,2,4,Abril,14,Domingo,2020-01-01,2020-12-30,2020-01-01,2020-06-30,2020-04-01,2020-06-30,2020-04-01,2020-04-30,2020-03-30,2020-04-05
20200406,2020-04-06,2020,1,2,4,Abril,15,Lunes,2020-01-01,2020-12-30,2020-01-01,2020-06-30,2020-04-01,2020-06-30,2020-04-01,2020-04-30,2020-04-06,2020-04-12
20200407,2020-04-07,2020,1,2,4,Abril,15,Martes,2020-01-01,2020-12-30,2020-01-01,2020-06-30,2020-04-01,2020-06-30,2020-04-01,2020-04-30,2020-04-06,2020-04-12
20200408,2020-04-08,2020,1,2,4,Abril,15,Miércoles,2020-01-01,2020-12-30,2020-01-01,2020-06-30,2020-04-01,2020-06-30,2020-04-01,2020-04-30,2020-04-06,2020-04-12
20200409,2020-04-09,2020,1,2,4,Abril,15,Jueves,2020-01-01,2020-12-30,2020-01-01,2020-06-30,2020-04-01,2020-06-30,2020-04-01,2020-04-30,2020-04-06,2020-04-12
20200410,2020-04-10,2020,1,2,4,Abril,15,Viernes,2020-01-01,2020-12-30,2020-01-01,2020-06-30,2020-04-01,2020-06-30,2020-04-01,2020-04-30,2020-04-06,2020-04-12
20200411,2020-04-11,2020,1,2,4,Abril,15,Sábado,2020-01-01,2020-12-30,2020-01-01,2020-06-30,2020-04-01,2020-06-30,2020-04-01,2020-04-30,2020-04-06,2020-04-12
20200412,2020-04-12,2020,1,2,4,Abril,15,Domingo,2020-01-01,2020-12-30,2020-01-01,2020-06-30,2020-04-01,2020-06-30,2020-04-01,2020-04-30,2020-04-06,2020-04-12
20200413,2020-04-13,2020,1,2,4,Abril,16,Lunes,2020-01-01,2020-12-30,2020-01-01,2020-06-30,2020-04-01,2020-06-30,2020-04-01,2020-04-30,2020-04-13,2020-04-19
20200414,2020-04-14,2020,1,2,4,Abril,16,Martes,2020-01-01,2020-12-30,2020-01-01,2020-06-30,2020-04-01,2020-06-30,2020-04-01,2020-04-30,2020-04-13,2020-04-19
20200415,2020-04-15,2020,1,2,4,Abril,16,Miércoles,2020-01-01,2020-12-30,2020-01-01,2020-06-30,2020-04-01,2020-06-30,2020-04-01,2020-04-30,2020-04-13,2020-04-19
20200416,2020-04-16,2020,1,2,4,Abril,16,Jueves,2020-01-01,2020-12-30,2020-01-01,2020-06-30,2020-04-01,2020-06-30,2020-04-01,2020-04-30,2020-04-13,2020-04-19
20200417,2020-04-17,2020,1,2,4,Abril,16,Viernes,2020-01-01,2020-12-30,2020-01-01,2020-06-30,2020-04-01,2020-06-30,2020-04-01,2020-04-30,2020-04-13,2020-04-19
20200418,2020-04-18,2020,1,2,4,Abril,16,Sábado,2020-01-01,2020-12-30,2020-01-01,2020-06-30,2020-04-01,2020-06-30,2020-04-01,2020-04-30,2020-04-13,2020-04-19
20200419,2020-04-19,2020,1,2,4,Abril,16,Domingo,2020-01-01,2020-12-30,2020-01-01,2020-06-30,2020-04-01,2020-06-30,2020-04-01,2020-04-30,2020-04-13,2020-04-19
20200420,2020-04-20,2020,1,2,4,Abril,17,Lunes,2020-01-01,2020-12-30,2020-01-01,2020-06-30,2020-04-01,2020-06-30,2020-04-01,2020-04-30,2020-04-20,2020-04-26
20200421,2020-04-21,2020,1,2,4,Abril,17,Martes,2020-01-01,2020-12-30,2020-01-01,2020-06-30,2020-04-01,2020-06-30,2020-04-01,2020-04-30,2020-04-20,2020-04-26
20200422,2020-04-22,2020,1,2,4,Abril,17,Miércoles,2020-01-01,2020-12-30,2020-01-01,2020-06-30,2020-04-01,2020-06-30,2020-04-01,2020-04-30,2020-04-20,2020-04-26
20200423,2020-04-23,2020,1,2,4,Abril,17,Jueves,2020-01-01,2020-12-30,2020-01-01,2020-06-30,2020-04-01,2020-06-30,2020-04-01,2020-04-30,2020-04-20,2020-04-26
20200424,2020-04-24,2020,1,2,4,Abril,17,Viernes,2020-01-01,2020-12-30,2020-01-01,2020-06-30,2020-04-01,2020-06-30,2020-04-01,2020-04-30,2020-04-20,2020-04-26
20200425,2020-04-25,2020,1,2,4,Abril,17,Sábado,2020-01-01,2020-12-30,2020-01-01,2020-06-30,2020-04-01,2020-06-30,2020-04-01,2020-04-30,2020-04-20,2020-04-26
20200426,2020-04-26,2020,1,2,4,Abril,17,Domingo,2020-01-01,2020-12-30,2020-01-01,2020-06-30,2020-04-01,2020-06-30,2020-04-01,2020-04-30,2020-04-20,2020-04-26
20200427,2020-04-27,2020,1,2,4,Abril,18,Lunes,2020-01-01,2020-12-30,2020-01-01,2020-06-30,2020-04-01,2020-06-30,2020-04-01,2020-04-30,2020-04-27,2020-05-03
20200428,2020-04-28,2020,1,2,4,Abril,18,Martes,2020-01-01,2020-12-30,2020-01-01,2020-06-30,2020-04-01,2020-06-30,2020-04-01,2020-04-30,2020-04-27,2020-05-03
20200429,2020-04-29,2020,1,2,4,Abril,18,Miércoles,2020-01-01,2020-12-30,2020-01-01,2020-06-30,2020-04-01,2020-06-30,2020-04-01,2020-04-30,2020-04-27,2020-05-03
20200430,2020-04-30,2020,1,2,4,Abril,18,Jueves,2020-01-01,2020-12-30,2020-01-01,2020-06-30,2020-04-01,2020-06-30,2020-04-01,2020-04-30,2020-04-27,2020-05-03
20200501,2020-05-01,2020,1,2,5,Mayo,18,Viernes,2020-01-01,2020-12-30,2020-01-01,2020-06-30,2020-04-01,2020-06-30,2020-05-01,2020-05-31,2020-04-27,2020-05-03
20200502,2020-05-02,2020,1,2,5,Mayo,18,Sábado,2020-01-01,2020-12-30,2020-01-01,2020-06-30,2020-04-01,2020-06-30,2020-05-01,2020-05-31,2020-04-27,2020-05-03
20200503,2020-05-03,2020,1,2,5,Mayo,18,Domingo,2020-01-01,2020-12-30,2020-01-01,2020-06-30,2020-04-01,2020-06-30,2020-05-01,2020-05-31,2020-04-27,2020-05-03
20200504,2020-05-04,2020,1,2,5,Mayo,19,Lunes,2020-01-01,2020-12-30,2020-01-01,2020-06-30,2020-04-01,2020-06-30,2020-05-01,2020-05-31,2020-05-04,2020-05-10
20200505,2020-05-05,2020,1,2,5,Mayo,19,Martes,2020-01-01,2020-12-30,2020-01-01,2020-06-30,2020-04-01,2020-06-30,2020-05-01,2020-05-31,2020-05-04,2020-05-10
20200506,2020-05-06,2020,1,2,5,Mayo,19,Miércoles,2020-01-01,2020-12-30,2020-01-01,2020-06-30,2020-04-01,2020-06-30,2020-05-01,2020-05-31,2020-05-04,2020-05-10
20200507,2020-05-07,2020,1,2,5,Mayo,19,Jueves,2020-01-01,2020-12-30,2020-01-01,2020-06-30,2020-04-01,2020-06-30,2020-05-01,2020-05-31,2020-05-04,2020-05-10
20200508,2020-05-08,2020,1,2,5,Mayo,19,Viernes,2020-01-01,2020-12-30,2020-01-01,2020-06-30,2020-04-01,2020-06-30,2020-05-01,2020-05-31,2020-05-04,2020-05-10
20200509,2020-05-09,2020,1,2,5,Mayo,19,Sábado,2020-01-01,2020-12-30,2020-01-01,2020-06-30,2020-04-01,2020-06-30,2020-05-01,2020-05-31,2020-05-04,2020-05-10
20200510,2020-05-10,2020,1,2,5,Mayo,19,Domingo,2020-01-01,2020-12-30,2020-01-01,2020-06-30,2020-04-01,2020-06-30,2020-05-01,2020-05-31,2020-05-04,2020-05-10
20200511,2020-05-11,2020,1,2,5,Mayo,20,Lunes,2020-01-01,2020-12-30,2020-01-01,2020-06-30,2020-04-01,2020-06-30,2020-05-01,2020-05-31,2020-05-11,2020-05-17
20200512,2020-05-12,2020,1,2,5,Mayo,20,Martes,2020-01-01,2020-12-30,2020-01-01,2020-06-30,2020-04-01,2020-06-30,2020-05-01,2020-05-31,2020-05-11,2020-05-17
20200513,2020-05-13,2020,1,2,5,Mayo,20,Miércoles,2020-01-01,2020-12-30,2020-01-01,2020-06-30,2020-04-01,2020-06-30,2020-05-01,2020-05-31,2020-05-11,2020-05-17
20200514,2020-05-14,2020,1,2,5,Mayo,20,Jueves,2020-01-01,2020-12-30,2020-01-01,2020-06-30,2020-04-01,2020-06-30,2020-05-01,2020-05-31,2020-05-11,2020-05-17
20200515,2020-05-15,2020,1,2,5,Mayo,20,Viernes,2020-01-01,2020-12-30,2020-01-01,2020-06-30,2020-04-01,2020-06-30,2020-05-01,2020-05-31,2020-05-11,2020-05-17
20200516,2020-05-16,2020,1,2,5,Mayo,20,Sábado,2020-01-01,2020-12-30,2020-01-01,2020-06-30,2020-04-01,2020-06-30,2020-05-01,2020-05-31,2020-05-11,2020-05-17
20200517,2020-05-17,2020,1,2,5,Mayo,20,Domingo,2020-01-01,2020-12-30,2020-01-01,2020-06-30,2020-04-01,2020-06-30,2020-05-01,2020-05-31,2020-05-11,2020-05-17
20200518,2020-05-18,2020,1,2,5,Mayo,21,Lunes,2020-01-01,2020-12-30,2020-01-01,2020-06-30,2020-04-01,2020-06-30,2020-05-01,2020-05-31,2020-05-18,2020-05-24
20200519,2020-05-19,2020,1,2,5,Mayo,21,Martes,2020-01-01,2020-12-30,2020-01-01,2020-06-30,2020-04-01,2020-06-30,2020-05-01,2020-05-31,2020-05-18,2020-05-24
20200520,2020-05-20,2020,1,2,5,Mayo,21,Miércoles,2020-01-01,2020-12-30,2020-01-01,2020-06-30,2020-04-01,2020-06-30,2020-05-01,2020-05-31,2020-05-18,2020-05-24
20200521,2020-05-21,2020,1,2,5,Mayo,21,Jueves,2020-01-01,2020-12-30,2020-01-01,2020-06-30,2020-04-01,2020-06-30,2020-05-01,2020-05-31,2020-05-18,2020-05-24
20200522,2020-05-22,2020,1,2,5,Mayo,21,Viernes,2020-01-01,2020-12-30,2020-01-01,2020-06-30,2020-04-01,2020-06-30,2020-05-01,2020-05-31,2020-05-18,2020-05-24
20200523,2020-05-23,2020,1,2,5,Mayo,21,Sábado,2020-01-01,2020-12-30,2020-01-01,2020-06-30,2020-04-01,2020-06-30,2020-05-01,2020-05-31,2020-05-18,2020-05-24
20200524,2020-05-24,2020,1,2,5,Mayo,21,Domingo,2020-01-01,2020-12-30,2020-01-01,2020-06-30,2020-04-01,2020-06-30,2020-05-01,2020-05-31,2020-05-18,2020-05-24
20200525,2020-05-25,2020,1,2,5,Mayo,22,Lunes,2020-01-01,2020-12-30,2020-01-01,2020-06-30,2020-04-01,2020-06-30,2020-05-01,2020-05-31,2020-05-25,2020-05-31
20200526,2020-05-26,2020,1,2,5,Mayo,22,Martes,2020-01-01,2020-12-30,2020-01-01,2020-06-30,2020-04-01,2020-06-30,2020-05-01,2020-05-31,2020-05-25,2020-05-31
20200527,2020-05-27,2020,1,2,5,Mayo,22,Miércoles,2020-01-01,2020-12-30,2020-01-01,2020-06-30,2020-04-01,2020-06-30,2020-05-01,2020-05-31,2020-05-25,2020-05-31
20200528,2020-05-28,2020,1,2,5,Mayo,22,Jueves,2020-01-01,2020-12-30,2020-01-01,2020-06-30,2020-04-01,2020-06-30,2020-05-01,2020-05-31,2020-05-25,2020-05-31
20200529,2020-05-29,2020,1,2,5,Mayo,22,Viernes,2020-01-01,2020-12-30,2020-01-01,2020-06-30,2020-04-01,2020-06-30,2020-05-01,2020-05-31,2020-05-25,2020-05-31
20200530,2020-05-30,2020,1,2,5,Mayo,22,Sábado,2020-01-01,2020-12-30,2020-01-01,2020-06-30,2020-04-01,2020-06-30,2020-05-01,2020-05-31,2020-05-25,2020-05-31
20200531,2020-05-31,2020,1,2,5,Mayo,22,Domingo,2020-01-01,2020-12-30,2020-01-01,2020-06-30,2020-04-01,2020-06-30,2020-05-01,2020-05-31,2020-05-25,2020-05-31
20200601,2020-06-01,2020,1,2,6,Junio,23,Lunes,2020-01-01,2020-12-30,2020-01-01,2020-06-30,2020-04-01,2020-06-30,2020-06-01,2020-06-30,2020-06-01,2020-06-07
20200602,2020-06-02,2020,1,2,6,Junio,23,Martes,2020-01-01,2020-12-30,2020-01-01,2020-06-30,2020-04-01,2020-06-30,2020-06-01,2020-06-30,2020-06-01,2020-06-07
20200603,2020-06-03,2020,1,2,6,Junio,23,Miércoles,2020-01-01,2020-12-30,2020-01-01,2020-06-30,2020-04-01,2020-06-30,2020-06-01,2020-06-30,2020-06-01,2020-06-07
20200604,2020-06-04,2020,1,2,6,Junio,23,Jueves,2020-01-01,2020-12-30,2020-01-01,2020-06-30,2020-04-01,2020-06-30,2020-06-01,2020-06-30,2020-06-01,2020-06-07
20200605,2020-06-05,2020,1,2,6,Junio,23,Viernes,2020-01-01,2020-12-30,2020-01-01,2020-06-30,2020-04-01,2020-06-30,2020-06-01,2020-06-30,2020-06-01,2020-06-07
20200606,2020-06-06,2020,1,2,6,Junio,23,Sábado,2020-01-01,2020-12-30,2020-01-01,2020-06-30,2020-04-01,2020-06-30,2020-06-01,2020-06-30,2020-06-01,2020-06-07
20200607,2020-06-07,2020,1,2,6,Junio,23,Domingo,2020-01-01,2020-12-30,2020-01-01,2020-06-30,2020-04-01,2020-06-30,2020-06-01,2020-06-30,2020-06-01,2020-06-07
20200608,2020-06-08,2020,1,2,6,Junio,24,Lunes,2020-01-01,2020-12-30,2020-01-01,2020-06-30,2020-04-01,2020-06-30,2020-06-01,2020-06-30,2020-06-08,2020-06-14
20200609,2020-06-09,2020,1,2,6,Junio,24,Martes,2020-01-01,2020-12-30,2020-01-01,2020-06-30,2020-04-01,2020-06-30,2020-06-01,2020-06-30,2020-06-08,2020-06-14
20200610,2020-06-10,2020,1,2,6,Junio,24,Miércoles,2020-01-01,2020-12-30,2020-01-01,2020-06-30,2020-04-01,2020-06-30,2020-06-01,2020-06-30,2020-06-08,2020-06-14
20200611,2020-06-11,2020,1,2,6,Junio,24,Jueves,2020-01-01,2020-12-30,2020-01-01,2020-06-30,2020-04-01,2020-06-30,2020-06-01,2020-06-30,2020-06-08,2020-06-14
20200612,2020-06-12,2020,1,2,6,Junio,24,Viernes,2020-01-01,2020-12-30,2020-01-01,2020-06-30,2020-04-01,2020-06-30,2020-06-01,2020-06-30,2020-06-08,2020-06-14
20200613,2020-06-13,2020,1,2,6,Junio,24,Sábado,2020-01-01,2020-12-30,2020-01-01,2020-06-30,2020-04-01,2020-06-30,2020-06-01,2020-06-30,2020-06-08,2020-06-14
20200614,2020-06-14,2020,1,2,6,Junio,24,Domingo,2020-01-01,2020-12-30,2020-01-01,2020-06-30,2020-04-01,2020-06-30,2020-06-01,2020-06-30,2020-06-08,2020-06-14
20200615,2020-06-15,2020,1,2,6,Junio,25,Lunes,2020-01-01,2020-12-30,2020-01-01,2020-06-30,2020-04-01,2020-06-30,2020-06-01,2020-06-30,2020-06-15,2020-06-21
20200616,2020-06-16,2020,1,2,6,Junio,25,Martes,2020-01-01,2020-12-30,2020-01-01,2020-06-30,2020-04-01,2020-06-30,2020-06-01,2020-06-30,2020-06-15,2020-06-21
20200617,2020-06-17,2020,1,2,6,Junio,25,Miércoles,2020-01-01,2020-12-30,2020-01-01,2020-06-30,2020-04-01,2020-06-30,2020-06-01,2020-06-30,2020-06-15,2020-06-21
20200618,2020-06-18,2020,1,2,6,Junio,25,Jueves,2020-01-01,2020-12-30,2020-01-01,2020-06-30,2020-04-01,2020-06-30,2020-06-01,2020-06-30,2020-06-15,2020-06-21
20200101,2020-01-01,2020,1,1,1,Enero,1,Miércoles,2020-01-01,2020-12-30,2020-01-01,2020-06-30,2020-01-01,2020-03-31,2020-01-01,2020-01-31,2019-12-30,2020-01-05
20200102,2020-01-02,2020,1,1,1,Enero,1,Jueves,2020-01-01,2020-12-30,2020-01-01,2020-06-30,2020-01-01,2020-03-31,2020-01-01,2020-01-31,2019-12-30,2020-01-05
20200103,2020-01-03,2020,1,1,1,Enero,1,Viernes,2020-01-01,2020-12-30,2020-01-01,2020-06-30,2020-01-01,2020-03-31,2020-01-01,2020-01-31,2019-12-30,2020-01-05
20200104,2020-01-04,2020,1,1,1,Enero,1,Sábado,2020-01-01,2020-12-30,2020-01-01,2020-06-30,2020-01-01,2020-03-31,2020-01-01,2020-01-31,2019-12-30,2020-01-05
20200105,2020-01-05,2020,1,1,1,Enero,1,Domingo,2020-01-01,2020-12-30,2020-01-01,2020-06-30,2020-01-01,2020-03-31,2020-01-01,2020-01-31,2019-12-30,2020-01-05
20200106,2020-01-06,2020,1,1,1,Enero,2,Lunes,2020-01-01,2020-12-30,2020-01-01,2020-06-30,2020-01-01,2020-03-31,2020-01-01,2020-01-31,2020-01-06,2020-01-12
20200107,2020-01-07,2020,1,1,1,Enero,2,Martes,2020-01-01,2020-12-30,2020-01-01,2020-06-30,2020-01-01,2020-03-31,2020-01-01,2020-01-31,2020-01-06,2020-01-12
20200108,2020-01-08,2020,1,1,1,Enero,2,Miércoles,2020-01-01,2020-12-30,2020-01-01,2020-06-30,2020-01-01,2020-03-31,2020-01-01,2020-01-31,2020-01-06,2020-01-12
20200109,2020-01-09,2020,1,1,1,Enero,2,Jueves,2020-01-01,2020-12-30,2020-01-01,2020-06-30,2020-01-01,2020-03-31,2020-01-01,2020-01-31,2020-01-06,2020-01-12
20200110,2020-01-10,2020,1,1,1,Enero,2,Viernes,2020-01-01,2020-12-30,2020-01-01,2020-06-30,2020-01-01,2020-03-31,2020-01-01,2020-01-31,2020-01-06,2020-01-12
20200111,2020-01-11,2020,1,1,1,Enero,2,Sábado,2020-01-01,2020-12-30,2020-01-01,2020-06-30,2020-01-01,2020-03-31,2020-01-01,2020-01-31,2020-01-06,2020-01-12
20200112,2020-01-12,2020,1,1,1,Enero,2,Domingo,2020-01-01,2020-12-30,2020-01-01,2020-06-30,2020-01-01,2020-03-31,2020-01-01,2020-01-31,2020-01-06,2020-01-12
20200113,2020-01-13,2020,1,1,1,Enero,3,Lunes,2020-01-01,2020-12-30,2020-01-01,2020-06-30,2020-01-01,2020-03-31,2020-01-01,2020-01-31,2020-01-13,2020-01-19
20200114,2020-01-14,2020,1,1,1,Enero,3,Martes,2020-01-01,2020-12-30,2020-01-01,2020-06-30,2020-01-01,2020-03-31,2020-01-01,2020-01-31,2020-01-13,2020-01-19
20200115,2020-01-15,2020,1,1,1,Enero,3,Miércoles,2020-01-01,2020-12-30,2020-01-01,2020-06-30,2020-01-01,2020-03-31,2020-01-01,2020-01-31,2020-01-13,2020-01-19
20200116,2020-01-16,2020,1,1,1,Enero,3,Jueves,2020-01-01,2020-12-30,2020-01-01,2020-06-30,2020-01-01,2020-03-31,2020-01-01,2020-01-31,2020-01-13,2020-01-19
20200117,2020-01-17,2020,1,1,1,Enero,3,Viernes,2020-01-01,2020-12-30,2020-01-01,2020-06-30,2020-01-01,2020-03-31,2020-01-01,2020-01-31,2020-01-13,2020-01-19
20200118,2020-01-18,2020,1,1,1,Enero,3,Sábado,2020-01-01,2020-12-30,2020-01-01,2020-06-30,2020-01-01,2020-03-31,2020-01-01,2020-01-31,2020-01-13,2020-01-19
20200119,2020-01-19,2020,1,1,1,Enero,3,Domingo,2020-01-01,2020-12-30,2020-01-01,2020-06-30,2020-01-01,2020-03-31,2020-01-01,2020-01-31,2020-01-13,2020-01-19
20200120,2020-01-20,2020,1,1,1,Enero,4,Lunes,2020-01-01,2020-12-30,2020-01-01,2020-06-30,2020-01-01,2020-03-31,2020-01-01,2020-01-31,2020-01-20,2020-01-26
20200121,2020-01-21,2020,1,1,1,Enero,4,Martes,2020-01-01,2020-12-30,2020-01-01,2020-06-30,2020-01-01,2020-03-31,2020-01-01,2020-01-31,2020-01-20,2020-01-26
20200122,2020-01-22,2020,1,1,1,Enero,4,Miércoles,2020-01-01,2020-12-30,2020-01-01,2020-06-30,2020-01-01,2020-03-31,2020-01-01,2020-01-31,2020-01-20,2020-01-26
20200123,2020-01-23,2020,1,1,1,Enero,4,Jueves,2020-01-01,2020-12-30,2020-01-01,2020-06-30,2020-01-01,2020-03-31,2020-01-01,2020-01-31,2020-01-20,2020-01-26
20200124,2020-01-24,2020,1,1,1,Enero,4,Viernes,2020-01-01,2020-12-30,2020-01-01,2020-06-30,2020-01-01,2020-03-31,2020-01-01,2020-01-31,2020-01-20,2020-01-26
20200125,2020-01-25,2020,1,1,1,Enero,4,Sábado,2020-01-01,2020-12-30,2020-01-01,2020-06-30,2020-01-01,2020-03-31,2020-01-01,2020-01-31,2020-01-20,2020-01-26
20200126,2020-01-26,2020,1,1,1,Enero,4,Domingo,2020-01-01,2020-12-30,2020-01-01,2020-06-30,2020-01-01,2020-03-31,2020-01-01,2020-01-31,2020-01-20,2020-01-26
20200127,2020-01-27,2020,1,1,1,Enero,5,Lunes,2020-01-01,2020-12-30,2020-01-01,2020-06-30,2020-01-01,2020-03-31,2020-01-01,2020-01-31,2020-01-27,2020-02-02
20200128,2020-01-28,2020,1,1,1,Enero,5,Martes,2020-01-01,2020-12-30,2020-01-01,2020-06-30,2020-01-01,2020-03-31,2020-01-01,2020-01-31,2020-01-27,2020-02-02
20200129,2020-01-29,2020,1,1,1,Enero,5,Miércoles,2020-01-01,2020-12-30,2020-01-01,2020-06-30,2020-01-01,2020-03-31,2020-01-01,2020-01-31,2020-01-27,2020-02-02
20200130,2020-01-30,2020,1,1,1,Enero,5,Jueves,2020-01-01,2020-12-30,2020-01-01,2020-06-30,2020-01-01,2020-03-31,2020-01-01,2020-01-31,2020-01-27,2020-02-02
20200131,2020-01-31,2020,1,1,1,Enero,5,Viernes,2020-01-01,2020-12-30,2020-01-01,2020-06-30,2020-01-01,2020-03-31,2020-01-01,2020-01-31,2020-01-27,2020-02-02
20200201,2020-02-01,2020,1,1,2,Febrero,5,Sábado,2020-01-01,2020-12-30,2020-01-01,2020-06-30,2020-01-01,2020-03-31,2020-02-01,2020-02-29,2020-01-27,2020-02-02
20200202,2020-02-02,2020,1,1,2,Febrero,5,Domingo,2020-01-01,2020-12-30,2020-01-01,2020-06-30,2020-01-01,2020-03-31,2020-02-01,2020-02-29,2020-01-27,2020-02-02
20200203,2020-02-03,2020,1,1,2,Febrero,6,Lunes,2020-01-01,2020-12-30,2020-01-01,2020-06-30,2020-01-01,2020-03-31,2020-02-01,2020-02-29,2020-02-03,2020-02-09
20200204,2020-02-04,2020,1,1,2,Febrero,6,Martes,2020-01-01,2020-12-30,2020-01-01,2020-06-30,2020-01-01,2020-03-31,2020-02-01,2020-02-29,2020-02-03,2020-02-09
20200205,2020-02-05,2020,1,1,2,Febrero,6,Miércoles,2020-01-01,2020-12-30,2020-01-01,2020-06-30,2020-01-01,2020-03-31,2020-02-01,2020-02-29,2020-02-03,2020-02-09
20200206,2020-02-06,2020,1,1,2,Febrero,6,Jueves,2020-01-01,2020-12-30,2020-01-01,2020-06-30,2020-01-01,2020-03-31,2020-02-01,2020-02-29,2020-02-03,2020-02-09
20200207,2020-02-07,2020,1,1,2,Febrero,6,Viernes,2020-01-01,2020-12-30,2020-01-01,2020-06-30,2020-01-01,2020-03-31,2020-02-01,2020-02-29,2020-02-03,2020-02-09
20200208,2020-02-08,2020,1,1,2,Febrero,6,Sábado,2020-01-01,2020-12-30,2020-01-01,2020-06-30,2020-01-01,2020-03-31,2020-02-01,2020-02-29,2020-02-03,2020-02-09
20200209,2020-02-09,2020,1,1,2,Febrero,6,Domingo,2020-01-01,2020-12-30,2020-01-01,2020-06-30,2020-01-01,2020-03-31,2020-02-01,2020-02-29,2020-02-03,2020-02-09
20200210,2020-02-10,2020,1,1,2,Febrero,7,Lunes,2020-01-01,2020-12-30,2020-01-01,2020-06-30,2020-01-01,2020-03-31,2020-02-01,2020-02-29,2020-02-10,2020-02-16
20200211,2020-02-11,2020,1,1,2,Febrero,7,Martes,2020-01-01,2020-12-30,2020-01-01,2020-06-30,2020-01-01,2020-03-31,2020-02-01,2020-02-29,2020-02-10,2020-02-16
20200212,2020-02-12,2020,1,1,2,Febrero,7,Miércoles,2020-01-01,2020-12-30,2020-01-01,2020-06-30,2020-01-01,2020-03-31,2020-02-01,2020-02-29,2020-02-10,2020-02-16
20200213,2020-02-13,2020,1,1,2,Febrero,7,Jueves,2020-01-01,2020-12-30,2020-01-01,2020-06-30,2020-01-01,2020-03-31,2020-02-01,2020-02-29,2020-02-10,2020-02-16
20200214,2020-02-14,2020,1,1,2,Febrero,7,Viernes,2020-01-01,2020-12-30,2020-01-01,2020-06-30,2020-01-01,2020-03-31,2020-02-01,2020-02-29,2020-02-10,2020-02-16
20200215,2020-02-15,2020,1,1,2,Febrero,7,Sábado,2020-01-01,2020-12-30,2020-01-01,2020-06-30,2020-01-01,2020-03-31,2020-02-01,2020-02-29,2020-02-10,2020-02-16
20200216,2020-02-16,2020,1,1,2,Febrero,7,Domingo,2020-01-01,2020-12-30,2020-01-01,2020-06-30,2020-01-01,2020-03-31,2020-02-01,2020-02-29,2020-02-10,2020-02-16
20200217,2020-02-17,2020,1,1,2,Febrero,8,Lunes,2020-01-01,2020-12-30,2020-01-01,2020-06-30,2020-01-01,2020-03-31,2020-02-01,2020-02-29,2020-02-17,2020-02-23
20200218,2020-02-18,2020,1,1,2,Febrero,8,Martes,2020-01-01,2020-12-30,2020-01-01,2020-06-30,2020-01-01,2020-03-31,2020-02-01,2020-02-29,2020-02-17,2020-02-23
20200219,2020-02-19,2020,1,1,2,Febrero,8,Miércoles,2020-01-01,2020-12-30,2020-01-01,2020-06-30,2020-01-01,2020-03-31,2020-02-01,2020-02-29,2020-02-17,2020-02-23
20200220,2020-02-20,2020,1,1,2,Febrero,8,Jueves,2020-01-01,2020-12-30,2020-01-01,2020-06-30,2020-01-01,2020-03-31,2020-02-01,2020-02-29,2020-02-17,2020-02-23
20200221,2020-02-21,2020,1,1,2,Febrero,8,Viernes,2020-01-01,2020-12-30,2020-01-01,2020-06-30,2020-01-01,2020-03-31,2020-02-01,2020-02-29,2020-02-17,2020-02-23
20200222,2020-02-22,2020,1,1,2,Febrero,8,Sábado,2020-01-01,2020-12-30,2020-01-01,2020-06-30,2020-01-01,2020-03-31,2020-02-01,2020-02-29,2020-02-17,2020-02-23
20200223,2020-02-23,2020,1,1,2,Febrero,8,Domingo,2020-01-01,2020-12-30,2020-01-01,2020-06-30,2020-01-01,2020-03-31,2020-02-01,2020-02-29,2020-02-17,2020-02-23
20200224,2020-02-24,2020,1,1,2,Febrero,9,Lunes,2020-01-01,2020-12-30,2020-01-01,2020-06-30,2020-01-01,2020-03-31,2020-02-01,2020-02-29,2020-02-24,2020-03-01
20200225,2020-02-25,2020,1,1,2,Febrero,9,Martes,2020-01-01,2020-12-30,2020-01-01,2020-06-30,2020-01-01,2020-03-31,2020-02-01,2020-02-29,2020-02-24,2020-03-01
20200226,2020-02-26,2020,1,1,2,Febrero,9,Miércoles,2020-01-01,2020-12-30,2020-01-01,2020-06-30,2020-01-01,2020-03-31,2020-02-01,2020-02-29,2020-02-24,2020-03-01
20200227,2020-02-27,2020,1,1,2,Febrero,9,Jueves,2020-01-01,2020-12-30,2020-01-01,2020-06-30,2020-01-01,2020-03-31,2020-02-01,2020-02-29,2020-02-24,2020-03-01
20200228,2020-02-28,2020,1,1,2,Febrero,9,Viernes,2020-01-01,2020-12-30,2020-01-01,2020-06-30,2020-01-01,2020-03-31,2020-02-01,2020-02-29,2020-02-24,2020-03-01
20200229,2020-02-29,2020,1,1,2,Febrero,9,Sábado,2020-01-01,2020-12-30,2020-01-01,2020-06-30,2020-01-01,2020-03-31,2020-02-01,2020-02-29,2020-02-24,2020-03-01
20200301,2020-03-01,2020,1,1,3,Marzo,9,Domingo,2020-01-01,2020-12-30,2020-01-01,2020-06-30,2020-01-01,2020-03-31,2020-03-01,2020-03-31,2020-02-24,2020-03-01
20200302,2020-03-02,2020,1,1,3,Marzo,10,Lunes,2020-01-01,2020-12-30,2020-01-01,2020-06-30,2020-01-01,2020-03-31,2020-03-01,2020-03-31,2020-03-02,2020-03-08
20200303,2020-03-03,2020,1,1,3,Marzo,10,Martes,2020-01-01,2020-12-30,2020-01-01,2020-06-30,2020-01-01,2020-03-31,2020-03-01,2020-03-31,2020-03-02,2020-03-08
20200304,2020-03-04,2020,1,1,3,Marzo,10,Miércoles,2020-01-01,2020-12-30,2020-01-01,2020-06-30,2020-01-01,2020-03-31,2020-03-01,2020-03-31,2020-03-02,2020-03-08
20200305,2020-03-05,2020,1,1,3,Marzo,10,Jueves,2020-01-01,2020-12-30,2020-01-01,2020-06-30,2020-01-01,2020-03-31,2020-03-01,2020-03-31,2020-03-02,2020-03-08
20200306,2020-03-06,2020,1,1,3,Marzo,10,Viernes,2020-01-01,2020-12-30,2020-01-01,2020-06-30,2020-01-01,2020-03-31,2020-03-01,2020-03-31,2020-03-02,2020-03-08
20200307,2020-03-07,2020,1,1,3,Marzo,10,Sábado,2020-01-01,2020-12-30,2020-01-01,2020-06-30,2020-01-01,2020-03-31,2020-03-01,2020-03-31,2020-03-02,2020-03-08
20200308,2020-03-08,2020,1,1,3,Marzo,10,Domingo,2020-01-01,2020-12-30,2020-01-01,2020-06-30,2020-01-01,2020-03-31,2020-03-01,2020-03-31,2020-03-02,2020-03-08
20200309,2020-03-09,2020,1,1,3,Marzo,11,Lunes,2020-01-01,2020-12-30,2020-01-01,2020-06-30,2020-01-01,2020-03-31,2020-03-01,2020-03-31,2020-03-09,2020-03-15
20200619,2020-06-19,2020,1,2,6,Junio,25,Viernes,2020-01-01,2020-12-30,2020-01-01,2020-06-30,2020-04-01,2020-06-30,2020-06-01,2020-06-30,2020-06-15,2020-06-21
20200620,2020-06-20,2020,1,2,6,Junio,25,Sábado,2020-01-01,2020-12-30,2020-01-01,2020-06-30,2020-04-01,2020-06-30,2020-06-01,2020-06-30,2020-06-15,2020-06-21
20200621,2020-06-21,2020,1,2,6,Junio,25,Domingo,2020-01-01,2020-12-30,2020-01-01,2020-06-30,2020-04-01,2020-06-30,2020-06-01,2020-06-30,2020-06-15,2020-06-21
20200622,2020-06-22,2020,1,2,6,Junio,26,Lunes,2020-01-01,2020-12-30,2020-01-01,2020-06-30,2020-04-01,2020-06-30,2020-06-01,2020-06-30,2020-06-22,2020-06-28
20200623,2020-06-23,2020,1,2,6,Junio,26,Martes,2020-01-01,2020-12-30,2020-01-01,2020-06-30,2020-04-01,2020-06-30,2020-06-01,2020-06-30,2020-06-22,2020-06-28
20200624,2020-06-24,2020,1,2,6,Junio,26,Miércoles,2020-01-01,2020-12-30,2020-01-01,2020-06-30,2020-04-01,2020-06-30,2020-06-01,2020-06-30,2020-06-22,2020-06-28
20200625,2020-06-25,2020,1,2,6,Junio,26,Jueves,2020-01-01,2020-12-30,2020-01-01,2020-06-30,2020-04-01,2020-06-30,2020-06-01,2020-06-30,2020-06-22,2020-06-28
20200626,2020-06-26,2020,1,2,6,Junio,26,Viernes,2020-01-01,2020-12-30,2020-01-01,2020-06-30,2020-04-01,2020-06-30,2020-06-01,2020-06-30,2020-06-22,2020-06-28
20200627,2020-06-27,2020,1,2,6,Junio,26,Sábado,2020-01-01,2020-12-30,2020-01-01,2020-06-30,2020-04-01,2020-06-30,2020-06-01,2020-06-30,2020-06-22,2020-06-28
20200628,2020-06-28,2020,1,2,6,Junio,26,Domingo,2020-01-01,2020-12-30,2020-01-01,2020-06-30,2020-04-01,2020-06-30,2020-06-01,2020-06-30,2020-06-22,2020-06-28
20200629,2020-06-29,2020,1,2,6,Junio,27,Lunes,2020-01-01,2020-12-30,2020-01-01,2020-06-30,2020-04-01,2020-06-30,2020-06-01,2020-06-30,2020-06-29,2020-07-05
20200630,2020-06-30,2020,1,2,6,Junio,27,Martes,2020-01-01,2020-12-30,2020-01-01,2020-06-30,2020-04-01,2020-06-30,2020-06-01,2020-06-30,2020-06-29,2020-07-05
20200701,2020-07-01,2020,2,3,7,Julio,27,Miércoles,2020-01-01,2020-12-30,2020-07-01,2020-12-31,2020-07-01,2020-09-30,2020-07-01,2020-07-31,2020-06-29,2020-07-05
20200702,2020-07-02,2020,2,3,7,Julio,27,Jueves,2020-01-01,2020-12-30,2020-07-01,2020-12-31,2020-07-01,2020-09-30,2020-07-01,2020-07-31,2020-06-29,2020-07-05
20200703,2020-07-03,2020,2,3,7,Julio,27,Viernes,2020-01-01,2020-12-30,2020-07-01,2020-12-31,2020-07-01,2020-09-30,2020-07-01,2020-07-31,2020-06-29,2020-07-05
20200704,2020-07-04,2020,2,3,7,Julio,27,Sábado,2020-01-01,2020-12-30,2020-07-01,2020-12-31,2020-07-01,2020-09-30,2020-07-01,2020-07-31,2020-06-29,2020-07-05
20200705,2020-07-05,2020,2,3,7,Julio,27,Domingo,2020-01-01,2020-12-30,2020-07-01,2020-12-31,2020-07-01,2020-09-30,2020-07-01,2020-07-31,2020-06-29,2020-07-05
20200706,2020-07-06,2020,2,3,7,Julio,28,Lunes,2020-01-01,2020-12-30,2020-07-01,2020-12-31,2020-07-01,2020-09-30,2020-07-01,2020-07-31,2020-07-06,2020-07-12
20200707,2020-07-07,2020,2,3,7,Julio,28,Martes,2020-01-01,2020-12-30,2020-07-01,2020-12-31,2020-07-01,2020-09-30,2020-07-01,2020-07-31,2020-07-06,2020-07-12
20200708,2020-07-08,2020,2,3,7,Julio,28,Miércoles,2020-01-01,2020-12-30,2020-07-01,2020-12-31,2020-07-01,2020-09-30,2020-07-01,2020-07-31,2020-07-06,2020-07-12
20200709,2020-07-09,2020,2,3,7,Julio,28,Jueves,2020-01-01,2020-12-30,2020-07-01,2020-12-31,2020-07-01,2020-09-30,2020-07-01,2020-07-31,2020-07-06,2020-07-12
20200710,2020-07-10,2020,2,3,7,Julio,28,Viernes,2020-01-01,2020-12-30,2020-07-01,2020-12-31,2020-07-01,2020-09-30,2020-07-01,2020-07-31,2020-07-06,2020-07-12
20200711,2020-07-11,2020,2,3,7,Julio,28,Sábado,2020-01-01,2020-12-30,2020-07-01,2020-12-31,2020-07-01,2020-09-30,2020-07-01,2020-07-31,2020-07-06,2020-07-12
20200712,2020-07-12,2020,2,3,7,Julio,28,Domingo,2020-01-01,2020-12-30,2020-07-01,2020-12-31,2020-07-01,2020-09-30,2020-07-01,2020-07-31,2020-07-06,2020-07-12
20200713,2020-07-13,2020,2,3,7,Julio,29,Lunes,2020-01-01,2020-12-30,2020-07-01,2020-12-31,2020-07-01,2020-09-30,2020-07-01,2020-07-31,2020-07-13,2020-07-19
20200714,2020-07-14,2020,2,3,7,Julio,29,Martes,2020-01-01,2020-12-30,2020-07-01,2020-12-31,2020-07-01,2020-09-30,2020-07-01,2020-07-31,2020-07-13,2020-07-19
20200715,2020-07-15,2020,2,3,7,Julio,29,Miércoles,2020-01-01,2020-12-30,2020-07-01,2020-12-31,2020-07-01,2020-09-30,2020-07-01,2020-07-31,2020-07-13,2020-07-19
20200716,2020-07-16,2020,2,3,7,Julio,29,Jueves,2020-01-01,2020-12-30,2020-07-01,2020-12-31,2020-07-01,2020-09-30,2020-07-01,2020-07-31,2020-07-13,2020-07-19
20200717,2020-07-17,2020,2,3,7,Julio,29,Viernes,2020-01-01,2020-12-30,2020-07-01,2020-12-31,2020-07-01,2020-09-30,2020-07-01,2020-07-31,2020-07-13,2020-07-19
20200718,2020-07-18,2020,2,3,7,Julio,29,Sábado,2020-01-01,2020-12-30,2020-07-01,2020-12-31,2020-07-01,2020-09-30,2020-07-01,2020-07-31,2020-07-13,2020-07-19
20200719,2020-07-19,2020,2,3,7,Julio,29,Domingo,2020-01-01,2020-12-30,2020-07-01,2020-12-31,2020-07-01,2020-09-30,2020-07-01,2020-07-31,2020-07-13,2020-07-19
20200720,2020-07-20,2020,2,3,7,Julio,30,Lunes,2020-01-01,2020-12-30,2020-07-01,2020-12-31,2020-07-01,2020-09-30,2020-07-01,2020-07-31,2020-07-20,2020-07-26
20200721,2020-07-21,2020,2,3,7,Julio,30,Martes,2020-01-01,2020-12-30,2020-07-01,2020-12-31,2020-07-01,2020-09-30,2020-07-01,2020-07-31,2020-07-20,2020-07-26
20200722,2020-07-22,2020,2,3,7,Julio,30,Miércoles,2020-01-01,2020-12-30,2020-07-01,2020-12-31,2020-07-01,2020-09-30,2020-07-01,2020-07-31,2020-07-20,2020-07-26
20200723,2020-07-23,2020,2,3,7,Julio,30,Jueves,2020-01-01,2020-12-30,2020-07-01,2020-12-31,2020-07-01,2020-09-30,2020-07-01,2020-07-31,2020-07-20,2020-07-26
20200724,2020-07-24,2020,2,3,7,Julio,30,Viernes,2020-01-01,2020-12-30,2020-07-01,2020-12-31,2020-07-01,2020-09-30,2020-07-01,2020-07-31,2020-07-20,2020-07-26
20200725,2020-07-25,2020,2,3,7,Julio,30,Sábado,2020-01-01,2020-12-30,2020-07-01,2020-12-31,2020-07-01,2020-09-30,2020-07-01,2020-07-31,2020-07-20,2020-07-26
20200726,2020-07-26,2020,2,3,7,Julio,30,Domingo,2020-01-01,2020-12-30,2020-07-01,2020-12-31,2020-07-01,2020-09-30,2020-07-01,2020-07-31,2020-07-20,2020-07-26
20200727,2020-07-27,2020,2,3,7,Julio,31,Lunes,2020-01-01,2020-12-30,2020-07-01,2020-12-31,2020-07-01,2020-09-30,2020-07-01,2020-07-31,2020-07-27,2020-08-02
20200728,2020-07-28,2020,2,3,7,Julio,31,Martes,2020-01-01,2020-12-30,2020-07-01,2020-12-31,2020-07-01,2020-09-30,2020-07-01,2020-07-31,2020-07-27,2020-08-02
20200729,2020-07-29,2020,2,3,7,Julio,31,Miércoles,2020-01-01,2020-12-30,2020-07-01,2020-12-31,2020-07-01,2020-09-30,2020-07-01,2020-07-31,2020-07-27,2020-08-02
20200730,2020-07-30,2020,2,3,7,Julio,31,Jueves,2020-01-01,2020-12-30,2020-07-01,2020-12-31,2020-07-01,2020-09-30,2020-07-01,2020-07-31,2020-07-27,2020-08-02
20200731,2020-07-31,2020,2,3,7,Julio,31,Viernes,2020-01-01,2020-12-30,2020-07-01,2020-12-31,2020-07-01,2020-09-30,2020-07-01,2020-07-31,2020-07-27,2020-08-02
20200801,2020-08-01,2020,2,3,8,Agosto,31,Sábado,2020-01-01,2020-12-30,2020-07-01,2020-12-31,2020-07-01,2020-09-30,2020-08-01,2020-08-31,2020-07-27,2020-08-02
20200802,2020-08-02,2020,2,3,8,Agosto,31,Domingo,2020-01-01,2020-12-30,2020-07-01,2020-12-31,2020-07-01,2020-09-30,2020-08-01,2020-08-31,2020-07-27,2020-08-02
20200803,2020-08-03,2020,2,3,8,Agosto,32,Lunes,2020-01-01,2020-12-30,2020-07-01,2020-12-31,2020-07-01,2020-09-30,2020-08-01,2020-08-31,2020-08-03,2020-08-09
20200804,2020-08-04,2020,2,3,8,Agosto,32,Martes,2020-01-01,2020-12-30,2020-07-01,2020-12-31,2020-07-01,2020-09-30,2020-08-01,2020-08-31,2020-08-03,2020-08-09
20200805,2020-08-05,2020,2,3,8,Agosto,32,Miércoles,2020-01-01,2020-12-30,2020-07-01,2020-12-31,2020-07-01,2020-09-30,2020-08-01,2020-08-31,2020-08-03,2020-08-09
20200806,2020-08-06,2020,2,3,8,Agosto,32,Jueves,2020-01-01,2020-12-30,2020-07-01,2020-12-31,2020-07-01,2020-09-30,2020-08-01,2020-08-31,2020-08-03,2020-08-09
20200807,2020-08-07,2020,2,3,8,Agosto,32,Viernes,2020-01-01,2020-12-30,2020-07-01,2020-12-31,2020-07-01,2020-09-30,2020-08-01,2020-08-31,2020-08-03,2020-08-09
20200808,2020-08-08,2020,2,3,8,Agosto,32,Sábado,2020-01-01,2020-12-30,2020-07-01,2020-12-31,2020-07-01,2020-09-30,2020-08-01,2020-08-31,2020-08-03,2020-08-09
20200809,2020-08-09,2020,2,3,8,Agosto,32,Domingo,2020-01-01,2020-12-30,2020-07-01,2020-12-31,2020-07-01,2020-09-30,2020-08-01,2020-08-31,2020-08-03,2020-08-09
20200810,2020-08-10,2020,2,3,8,Agosto,33,Lunes,2020-01-01,2020-12-30,2020-07-01,2020-12-31,2020-07-01,2020-09-30,2020-08-01,2020-08-31,2020-08-10,2020-08-16
20200811,2020-08-11,2020,2,3,8,Agosto,33,Martes,2020-01-01,2020-12-30,2020-07-01,2020-12-31,2020-07-01,2020-09-30,2020-08-01,2020-08-31,2020-08-10,2020-08-16
20200812,2020-08-12,2020,2,3,8,Agosto,33,Miércoles,2020-01-01,2020-12-30,2020-07-01,2020-12-31,2020-07-01,2020-09-30,2020-08-01,2020-08-31,2020-08-10,2020-08-16
20200813,2020-08-13,2020,2,3,8,Agosto,33,Jueves,2020-01-01,2020-12-30,2020-07-01,2020-12-31,2020-07-01,2020-09-30,2020-08-01,2020-08-31,2020-08-10,2020-08-16
20200814,2020-08-14,2020,2,3,8,Agosto,33,Viernes,2020-01-01,2020-12-30,2020-07-01,2020-12-31,2020-07-01,2020-09-30,2020-08-01,2020-08-31,2020-08-10,2020-08-16
20200815,2020-08-15,2020,2,3,8,Agosto,33,Sábado,2020-01-01,2020-12-30,2020-07-01,2020-12-31,2020-07-01,2020-09-30,2020-08-01,2020-08-31,2020-08-10,2020-08-16
20200816,2020-08-16,2020,2,3,8,Agosto,33,Domingo,2020-01-01,2020-12-30,2020-07-01,2020-12-31,2020-07-01,2020-09-30,2020-08-01,2020-08-31,2020-08-10,2020-08-16
20200817,2020-08-17,2020,2,3,8,Agosto,34,Lunes,2020-01-01,2020-12-30,2020-07-01,2020-12-31,2020-07-01,2020-09-30,2020-08-01,2020-08-31,2020-08-17,2020-08-23
20200818,2020-08-18,2020,2,3,8,Agosto,34,Martes,2020-01-01,2020-12-30,2020-07-01,2020-12-31,2020-07-01,2020-09-30,2020-08-01,2020-08-31,2020-08-17,2020-08-23
20200819,2020-08-19,2020,2,3,8,Agosto,34,Miércoles,2020-01-01,2020-12-30,2020-07-01,2020-12-31,2020-07-01,2020-09-30,2020-08-01,2020-08-31,2020-08-17,2020-08-23
20200820,2020-08-20,2020,2,3,8,Agosto,34,Jueves,2020-01-01,2020-12-30,2020-07-01,2020-12-31,2020-07-01,2020-09-30,2020-08-01,2020-08-31,2020-08-17,2020-08-23
20200821,2020-08-21,2020,2,3,8,Agosto,34,Viernes,2020-01-01,2020-12-30,2020-07-01,2020-12-31,2020-07-01,2020-09-30,2020-08-01,2020-08-31,2020-08-17,2020-08-23
20200822,2020-08-22,2020,2,3,8,Agosto,34,Sábado,2020-01-01,2020-12-30,2020-07-01,2020-12-31,2020-07-01,2020-09-30,2020-08-01,2020-08-31,2020-08-17,2020-08-23
20200823,2020-08-23,2020,2,3,8,Agosto,34,Domingo,2020-01-01,2020-12-30,2020-07-01,2020-12-31,2020-07-01,2020-09-30,2020-08-01,2020-08-31,2020-08-17,2020-08-23
20200824,2020-08-24,2020,2,3,8,Agosto,35,Lunes,2020-01-01,2020-12-30,2020-07-01,2020-12-31,2020-07-01,2020-09-30,2020-08-01,2020-08-31,2020-08-24,2020-08-30
20200825,2020-08-25,2020,2,3,8,Agosto,35,Martes,2020-01-01,2020-12-30,2020-07-01,2020-12-31,2020-07-01,2020-09-30,2020-08-01,2020-08-31,2020-08-24,2020-08-30
20200826,2020-08-26,2020,2,3,8,Agosto,35,Miércoles,2020-01-01,2020-12-30,2020-07-01,2020-12-31,2020-07-01,2020-09-30,2020-08-01,2020-08-31,2020-08-24,2020-08-30
20200827,2020-08-27,2020,2,3,8,Agosto,35,Jueves,2020-01-01,2020-12-30,2020-07-01,2020-12-31,2020-07-01,2020-09-30,2020-08-01,2020-08-31,2020-08-24,2020-08-30
20200828,2020-08-28,2020,2,3,8,Agosto,35,Viernes,2020-01-01,2020-12-30,2020-07-01,2020-12-31,2020-07-01,2020-09-30,2020-08-01,2020-08-31,2020-08-24,2020-08-30
20200829,2020-08-29,2020,2,3,8,Agosto,35,Sábado,2020-01-01,2020-12-30,2020-07-01,2020-12-31,2020-07-01,2020-09-30,2020-08-01,2020-08-31,2020-08-24,2020-08-30
20200830,2020-08-30,2020,2,3,8,Agosto,35,Domingo,2020-01-01,2020-12-30,2020-07-01,2020-12-31,2020-07-01,2020-09-30,2020-08-01,2020-08-31,2020-08-24,2020-08-30
20200831,2020-08-31,2020,2,3,8,Agosto,36,Lunes,2020-01-01,2020-12-30,2020-07-01,2020-12-31,2020-07-01,2020-09-30,2020-08-01,2020-08-31,2020-08-31,2020-09-06
20200901,2020-09-01,2020,2,3,9,Septiembre,36,Martes,2020-01-01,2020-12-30,2020-07-01,2020-12-31,2020-07-01,2020-09-30,2020-09-01,2020-09-30,2020-08-31,2020-09-06
20200902,2020-09-02,2020,2,3,9,Septiembre,36,Miércoles,2020-01-01,2020-12-30,2020-07-01,2020-12-31,2020-07-01,2020-09-30,2020-09-01,2020-09-30,2020-08-31,2020-09-06
20200903,2020-09-03,2020,2,3,9,Septiembre,36,Jueves,2020-01-01,2020-12-30,2020-07-01,2020-12-31,2020-07-01,2020-09-30,2020-09-01,2020-09-30,2020-08-31,2020-09-06
20200904,2020-09-04,2020,2,3,9,Septiembre,36,Viernes,2020-01-01,2020-12-30,2020-07-01,2020-12-31,2020-07-01,2020-09-30,2020-09-01,2020-09-30,2020-08-31,2020-09-06
20200905,2020-09-05,2020,2,3,9,Septiembre,36,Sábado,2020-01-01,2020-12-30,2020-07-01,2020-12-31,2020-07-01,2020-09-30,2020-09-01,2020-09-30,2020-08-31,2020-09-06
20200906,2020-09-06,2020,2,3,9,Septiembre,36,Domingo,2020-01-01,2020-12-30,2020-07-01,2020-12-31,2020-07-01,2020-09-30,2020-09-01,2020-09-30,2020-08-31,2020-09-06
20200907,2020-09-07,2020,2,3,9,Septiembre,37,Lunes,2020-01-01,2020-12-30,2020-07-01,2020-12-31,2020-07-01,2020-09-30,2020-09-01,2020-09-30,2020-09-07,2020-09-13
20200908,2020-09-08,2020,2,3,9,Septiembre,37,Martes,2020-01-01,2020-12-30,2020-07-01,2020-12-31,2020-07-01,2020-09-30,2020-09-01,2020-09-30,2020-09-07,2020-09-13
20200909,2020-09-09,2020,2,3,9,Septiembre,37,Miércoles,2020-01-01,2020-12-30,2020-07-01,2020-12-31,2020-07-01,2020-09-30,2020-09-01,2020-09-30,2020-09-07,2020-09-13
20200910,2020-09-10,2020,2,3,9,Septiembre,37,Jueves,2020-01-01,2020-12-30,2020-07-01,2020-12-31,2020-07-01,2020-09-30,2020-09-01,2020-09-30,2020-09-07,2020-09-13
20200911,2020-09-11,2020,2,3,9,Septiembre,37,Viernes,2020-01-01,2020-12-30,2020-07-01,2020-12-31,2020-07-01,2020-09-30,2020-09-01,2020-09-30,2020-09-07,2020-09-13
20200912,2020-09-12,2020,2,3,9,Septiembre,37,Sábado,2020-01-01,2020-12-30,2020-07-01,2020-12-31,2020-07-01,2020-09-30,2020-09-01,2020-09-30,2020-09-07,2020-09-13
20200913,2020-09-13,2020,2,3,9,Septiembre,37,Domingo,2020-01-01,2020-12-30,2020-07-01,2020-12-31,2020-07-01,2020-09-30,2020-09-01,2020-09-30,2020-09-07,2020-09-13
20200914,2020-09-14,2020,2,3,9,Septiembre,38,Lunes,2020-01-01,2020-12-30,2020-07-01,2020-12-31,2020-07-01,2020-09-30,2020-09-01,2020-09-30,2020-09-14,2020-09-20
20200915,2020-09-15,2020,2,3,9,Septiembre,38,Martes,2020-01-01,2020-12-30,2020-07-01,2020-12-31,2020-07-01,2020-09-30,2020-09-01,2020-09-30,2020-09-14,2020-09-20
20200916,2020-09-16,2020,2,3,9,Septiembre,38,Miércoles,2020-01-01,2020-12-30,2020-07-01,2020-12-31,2020-07-01,2020-09-30,2020-09-01,2020-09-30,2020-09-14,2020-09-20
20200917,2020-09-17,2020,2,3,9,Septiembre,38,Jueves,2020-01-01,2020-12-30,2020-07-01,2020-12-31,2020-07-01,2020-09-30,2020-09-01,2020-09-30,2020-09-14,2020-09-20
20200918,2020-09-18,2020,2,3,9,Septiembre,38,Viernes,2020-01-01,2020-12-30,2020-07-01,2020-12-31,2020-07-01,2020-09-30,2020-09-01,2020-09-30,2020-09-14,2020-09-20
20200919,2020-09-19,2020,2,3,9,Septiembre,38,Sábado,2020-01-01,2020-12-30,2020-07-01,2020-12-31,2020-07-01,2020-09-30,2020-09-01,2020-09-30,2020-09-14,2020-09-20
20200920,2020-09-20,2020,2,3,9,Septiembre,38,Domingo,2020-01-01,2020-12-30,2020-07-01,2020-12-31,2020-07-01,2020-09-30,2020-09-01,2020-09-30,2020-09-14,2020-09-20
20200921,2020-09-21,2020,2,3,9,Septiembre,39,Lunes,2020-01-01,2020-12-30,2020-07-01,2020-12-31,2020-07-01,2020-09-30,2020-09-01,2020-09-30,2020-09-21,2020-09-27
20200922,2020-09-22,2020,2,3,9,Septiembre,39,Martes,2020-01-01,2020-12-30,2020-07-01,2020-12-31,2020-07-01,2020-09-30,2020-09-01,2020-09-30,2020-09-21,2020-09-27
20200923,2020-09-23,2020,2,3,9,Septiembre,39,Miércoles,2020-01-01,2020-12-30,2020-07-01,2020-12-31,2020-07-01,2020-09-30,2020-09-01,2020-09-30,2020-09-21,2020-09-27
20200924,2020-09-24,2020,2,3,9,Septiembre,39,Jueves,2020-01-01,2020-12-30,2020-07-01,2020-12-31,2020-07-01,2020-09-30,2020-09-01,2020-09-30,2020-09-21,2020-09-27
20200925,2020-09-25,2020,2,3,9,Septiembre,39,Viernes,2020-01-01,2020-12-30,2020-07-01,2020-12-31,2020-07-01,2020-09-30,2020-09-01,2020-09-30,2020-09-21,2020-09-27
20200926,2020-09-26,2020,2,3,9,Septiembre,39,Sábado,2020-01-01,2020-12-30,2020-07-01,2020-12-31,2020-07-01,2020-09-30,2020-09-01,2020-09-30,2020-09-21,2020-09-27
20200927,2020-09-27,2020,2,3,9,Septiembre,39,Domingo,2020-01-01,2020-12-30,2020-07-01,2020-12-31,2020-07-01,2020-09-30,2020-09-01,2020-09-30,2020-09-21,2020-09-27
20200928,2020-09-28,2020,2,3,9,Septiembre,40,Lunes,2020-01-01,2020-12-30,2020-07-01,2020-12-31,2020-07-01,2020-09-30,2020-09-01,2020-09-30,2020-09-28,2020-10-04
20200929,2020-09-29,2020,2,3,9,Septiembre,40,Martes,2020-01-01,2020-12-30,2020-07-01,2020-12-31,2020-07-01,2020-09-30,2020-09-01,2020-09-30,2020-09-28,2020-10-04
20200930,2020-09-30,2020,2,3,9,Septiembre,40,Miércoles,2020-01-01,2020-12-30,2020-07-01,2020-12-31,2020-07-01,2020-09-30,2020-09-01,2020-09-30,2020-09-28,2020-10-04
20201001,2020-10-01,2020,2,4,10,Octubre,40,Jueves,2020-01-01,2020-12-30,2020-07-01,2020-12-31,2020-10-01,2020-12-31,2020-10-01,2020-10-31,2020-09-28,2020-10-04
20201002,2020-10-02,2020,2,4,10,Octubre,40,Viernes,2020-01-01,2020-12-30,2020-07-01,2020-12-31,2020-10-01,2020-12-31,2020-10-01,2020-10-31,2020-09-28,2020-10-04
20201003,2020-10-03,2020,2,4,10,Octubre,40,Sábado,2020-01-01,2020-12-30,2020-07-01,2020-12-31,2020-10-01,2020-12-31,2020-10-01,2020-10-31,2020-09-28,2020-10-04
20201004,2020-10-04,2020,2,4,10,Octubre,40,Domingo,2020-01-01,2020-12-30,2020-07-01,2020-12-31,2020-10-01,2020-12-31,2020-10-01,2020-10-31,2020-09-28,2020-10-04
20201005,2020-10-05,2020,2,4,10,Octubre,41,Lunes,2020-01-01,2020-12-30,2020-07-01,2020-12-31,2020-10-01,2020-12-31,2020-10-01,2020-10-31,2020-10-05,2020-10-11
20201006,2020-10-06,2020,2,4,10,Octubre,41,Martes,2020-01-01,2020-12-30,2020-07-01,2020-12-31,2020-10-01,2020-12-31,2020-10-01,2020-10-31,2020-10-05,2020-10-11
20201007,2020-10-07,2020,2,4,10,Octubre,41,Miércoles,2020-01-01,2020-12-30,2020-07-01,2020-12-31,2020-10-01,2020-12-31,2020-10-01,2020-10-31,2020-10-05,2020-10-11
20201008,2020-10-08,2020,2,4,10,Octubre,41,Jueves,2020-01-01,2020-12-30,2020-07-01,2020-12-31,2020-10-01,2020-12-31,2020-10-01,2020-10-31,2020-10-05,2020-10-11
20201009,2020-10-09,2020,2,4,10,Octubre,41,Viernes,2020-01-01,2020-12-30,2020-07-01,2020-12-31,2020-10-01,2020-12-31,2020-10-01,2020-10-31,2020-10-05,2020-10-11
20201010,2020-10-10,2020,2,4,10,Octubre,41,Sábado,2020-01-01,2020-12-30,2020-07-01,2020-12-31,2020-10-01,2020-12-31,2020-10-01,2020-10-31,2020-10-05,2020-10-11
20201011,2020-10-11,2020,2,4,10,Octubre,41,Domingo,2020-01-01,2020-12-30,2020-07-01,2020-12-31,2020-10-01,2020-12-31,2020-10-01,2020-10-31,2020-10-05,2020-10-11
20201012,2020-10-12,2020,2,4,10,Octubre,42,Lunes,2020-01-01,2020-12-30,2020-07-01,2020-12-31,2020-10-01,2020-12-31,2020-10-01,2020-10-31,2020-10-12,2020-10-18
20201013,2020-10-13,2020,2,4,10,Octubre,42,Martes,2020-01-01,2020-12-30,2020-07-01,2020-12-31,2020-10-01,2020-12-31,2020-10-01,2020-10-31,2020-10-12,2020-10-18
20201014,2020-10-14,2020,2,4,10,Octubre,42,Miércoles,2020-01-01,2020-12-30,2020-07-01,2020-12-31,2020-10-01,2020-12-31,2020-10-01,2020-10-31,2020-10-12,2020-10-18
20201015,2020-10-15,2020,2,4,10,Octubre,42,Jueves,2020-01-01,2020-12-30,2020-07-01,2020-12-31,2020-10-01,2020-12-31,2020-10-01,2020-10-31,2020-10-12,2020-10-18
20201016,2020-10-16,2020,2,4,10,Octubre,42,Viernes,2020-01-01,2020-12-30,2020-07-01,2020-12-31,2020-10-01,2020-12-31,2020-10-01,2020-10-31,2020-10-12,2020-10-18
20201017,2020-10-17,2020,2,4,10,Octubre,42,Sábado,2020-01-01,2020-12-30,2020-07-01,2020-12-31,2020-10-01,2020-12-31,2020-10-01,2020-10-31,2020-10-12,2020-10-18
20201018,2020-10-18,2020,2,4,10,Octubre,42,Domingo,2020-01-01,2020-12-30,2020-07-01,2020-12-31,2020-10-01,2020-12-31,2020-10-01,2020-10-31,2020-10-12,2020-10-18
20201019,2020-10-19,2020,2,4,10,Octubre,43,Lunes,2020-01-01,2020-12-30,2020-07-01,2020-12-31,2020-10-01,2020-12-31,2020-10-01,2020-10-31,2020-10-19,2020-10-25
20201020,2020-10-20,2020,2,4,10,Octubre,43,Martes,2020-01-01,2020-12-30,2020-07-01,2020-12-31,2020-10-01,2020-12-31,2020-10-01,2020-10-31,2020-10-19,2020-10-25
20201021,2020-10-21,2020,2,4,10,Octubre,43,Miércoles,2020-01-01,2020-12-30,2020-07-01,2020-12-31,2020-10-01,2020-12-31,2020-10-01,2020-10-31,2020-10-19,2020-10-25
20201022,2020-10-22,2020,2,4,10,Octubre,43,Jueves,2020-01-01,2020-12-30,2020-07-01,2020-12-31,2020-10-01,2020-12-31,2020-10-01,2020-10-31,2020-10-19,2020-10-25
20201023,2020-10-23,2020,2,4,10,Octubre,43,Viernes,2020-01-01,2020-12-30,2020-07-01,2020-12-31,2020-10-01,2020-12-31,2020-10-01,2020-10-31,2020-10-19,2020-10-25
20201024,2020-10-24,2020,2,4,10,Octubre,43,Sábado,2020-01-01,2020-12-30,2020-07-01,2020-12-31,2020-10-01,2020-12-31,2020-10-01,2020-10-31,2020-10-19,2020-10-25
20201025,2020-10-25,2020,2,4,10,Octubre,43,Domingo,2020-01-01,2020-12-30,2020-07-01,2020-12-31,2020-10-01,2020-12-31,2020-10-01,2020-10-31,2020-10-19,2020-10-25
20201026,2020-10-26,2020,2,4,10,Octubre,44,Lunes,2020-01-01,2020-12-30,2020-07-01,2020-12-31,2020-10-01,2020-12-31,2020-10-01,2020-10-31,2020-10-26,2020-11-01
20201027,2020-10-27,2020,2,4,10,Octubre,44,Martes,2020-01-01,2020-12-30,2020-07-01,2020-12-31,2020-10-01,2020-12-31,2020-10-01,2020-10-31,2020-10-26,2020-11-01
20201028,2020-10-28,2020,2,4,10,Octubre,44,Miércoles,2020-01-01,2020-12-30,2020-07-01,2020-12-31,2020-10-01,2020-12-31,2020-10-01,2020-10-31,2020-10-26,2020-11-01
20201029,2020-10-29,2020,2,4,10,Octubre,44,Jueves,2020-01-01,2020-12-30,2020-07-01,2020-12-31,2020-10-01,2020-12-31,2020-10-01,2020-10-31,2020-10-26,2020-11-01
20201030,2020-10-30,2020,2,4,10,Octubre,44,Viernes,2020-01-01,2020-12-30,2020-07-01,2020-12-31,2020-10-01,2020-12-31,2020-10-01,2020-10-31,2020-10-26,2020-11-01
20201031,2020-10-31,2020,2,4,10,Octubre,44,Sábado,2020-01-01,2020-12-30,2020-07-01,2020-12-31,2020-10-01,2020-12-31,2020-10-01,2020-10-31,2020-10-26,2020-11-01
20201101,2020-11-01,2020,2,4,11,Noviembre,44,Domingo,2020-01-01,2020-12-30,2020-07-01,2020-12-31,2020-10-01,2020-12-31,2020-11-01,2020-11-30,2020-10-26,2020-11-01
20201102,2020-11-02,2020,2,4,11,Noviembre,45,Lunes,2020-01-01,2020-12-30,2020-07-01,2020-12-31,2020-10-01,2020-12-31,2020-11-01,2020-11-30,2020-11-02,2020-11-08
20201103,2020-11-03,2020,2,4,11,Noviembre,45,Martes,2020-01-01,2020-12-30,2020-07-01,2020-12-31,2020-10-01,2020-12-31,2020-11-01,2020-11-30,2020-11-02,2020-11-08
20201104,2020-11-04,2020,2,4,11,Noviembre,45,Miércoles,2020-01-01,2020-12-30,2020-07-01,2020-12-31,2020-10-01,2020-12-31,2020-11-01,2020-11-30,2020-11-02,2020-11-08
20201105,2020-11-05,2020,2,4,11,Noviembre,45,Jueves,2020-01-01,2020-12-30,2020-07-01,2020-12-31,2020-10-01,2020-12-31,2020-11-01,2020-11-30,2020-11-02,2020-11-08
20201106,2020-11-06,2020,2,4,11,Noviembre,45,Viernes,2020-01-01,2020-12-30,2020-07-01,2020-12-31,2020-10-01,2020-12-31,2020-11-01,2020-11-30,2020-11-02,2020-11-08
20201107,2020-11-07,2020,2,4,11,Noviembre,45,Sábado,2020-01-01,2020-12-30,2020-07-01,2020-12-31,2020-10-01,2020-12-31,2020-11-01,2020-11-30,2020-11-02,2020-11-08
20201108,2020-11-08,2020,2,4,11,Noviembre,45,Domingo,2020-01-01,2020-12-30,2020-07-01,2020-12-31,2020-10-01,2020-12-31,2020-11-01,2020-11-30,2020-11-02,2020-11-08
20201109,2020-11-09,2020,2,4,11,Noviembre,46,Lunes,2020-01-01,2020-12-30,2020-07-01,2020-12-31,2020-10-01,2020-12-31,2020-11-01,2020-11-30,2020-11-09,2020-11-15
20201110,2020-11-10,2020,2,4,11,Noviembre,46,Martes,2020-01-01,2020-12-30,2020-07-01,2020-12-31,2020-10-01,2020-12-31,2020-11-01,2020-11-30,2020-11-09,2020-11-15
20201111,2020-11-11,2020,2,4,11,Noviembre,46,Miércoles,2020-01-01,2020-12-30,2020-07-01,2020-12-31,2020-10-01,2020-12-31,2020-11-01,2020-11-30,2020-11-09,2020-11-15
20201112,2020-11-12,2020,2,4,11,Noviembre,46,Jueves,2020-01-01,2020-12-30,2020-07-01,2020-12-31,2020-10-01,2020-12-31,2020-11-01,2020-11-30,2020-11-09,2020-11-15
20201113,2020-11-13,2020,2,4,11,Noviembre,46,Viernes,2020-01-01,2020-12-30,2020-07-01,2020-12-31,2020-10-01,2020-12-31,2020-11-01,2020-11-30,2020-11-09,2020-11-15
20201114,2020-11-14,2020,2,4,11,Noviembre,46,Sábado,2020-01-01,2020-12-30,2020-07-01,2020-12-31,2020-10-01,2020-12-31,2020-11-01,2020-11-30,2020-11-09,2020-11-15
20201115,2020-11-15,2020,2,4,11,Noviembre,46,Domingo,2020-01-01,2020-12-30,2020-07-01,2020-12-31,2020-10-01,2020-12-31,2020-11-01,2020-11-30,2020-11-09,2020-11-15
20201116,2020-11-16,2020,2,4,11,Noviembre,47,Lunes,2020-01-01,2020-12-30,2020-07-01,2020-12-31,2020-10-01,2020-12-31,2020-11-01,2020-11-30,2020-11-16,2020-11-22
20201117,2020-11-17,2020,2,4,11,Noviembre,47,Martes,2020-01-01,2020-12-30,2020-07-01,2020-12-31,2020-10-01,2020-12-31,2020-11-01,2020-11-30,2020-11-16,2020-11-22
20201118,2020-11-18,2020,2,4,11,Noviembre,47,Miércoles,2020-01-01,2020-12-30,2020-07-01,2020-12-31,2020-10-01,2020-12-31,2020-11-01,2020-11-30,2020-11-16,2020-11-22
20201119,2020-11-19,2020,2,4,11,Noviembre,47,Jueves,2020-01-01,2020-12-30,2020-07-01,2020-12-31,2020-10-01,2020-12-31,2020-11-01,2020-11-30,2020-11-16,2020-11-22
20201120,2020-11-20,2020,2,4,11,Noviembre,47,Viernes,2020-01-01,2020-12-30,2020-07-01,2020-12-31,2020-10-01,2020-12-31,2020-11-01,2020-11-30,2020-11-16,2020-11-22
20201121,2020-11-21,2020,2,4,11,Noviembre,47,Sábado,2020-01-01,2020-12-30,2020-07-01,2020-12-31,2020-10-01,2020-12-31,2020-11-01,2020-11-30,2020-11-16,2020-11-22
20201122,2020-11-22,2020,2,4,11,Noviembre,47,Domingo,2020-01-01,2020-12-30,2020-07-01,2020-12-31,2020-10-01,2020-12-31,2020-11-01,2020-11-30,2020-11-16,2020-11-22
20201123,2020-11-23,2020,2,4,11,Noviembre,48,Lunes,2020-01-01,2020-12-30,2020-07-01,2020-12-31,2020-10-01,2020-12-31,2020-11-01,2020-11-30,2020-11-23,2020-11-29
20201124,2020-11-24,2020,2,4,11,Noviembre,48,Martes,2020-01-01,2020-12-30,2020-07-01,2020-12-31,2020-10-01,2020-12-31,2020-11-01,2020-11-30,2020-11-23,2020-11-29
20201125,2020-11-25,2020,2,4,11,Noviembre,48,Miércoles,2020-01-01,2020-12-30,2020-07-01,2020-12-31,2020-10-01,2020-12-31,2020-11-01,2020-11-30,2020-11-23,2020-11-29
20201126,2020-11-26,2020,2,4,11,Noviembre,48,Jueves,2020-01-01,2020-12-30,2020-07-01,2020-12-31,2020-10-01,2020-12-31,2020-11-01,2020-11-30,2020-11-23,2020-11-29
20201127,2020-11-27,2020,2,4,11,Noviembre,48,Viernes,2020-01-01,2020-12-30,2020-07-01,2020-12-31,2020-10-01,2020-12-31,2020-11-01,2020-11-30,2020-11-23,2020-11-29
20201128,2020-11-28,2020,2,4,11,Noviembre,48,Sábado,2020-01-01,2020-12-30,2020-07-01,2020-12-31,2020-10-01,2020-12-31,2020-11-01,2020-11-30,2020-11-23,2020-11-29
20201129,2020-11-29,2020,2,4,11,Noviembre,48,Domingo,2020-01-01,2020-12-30,2020-07-01,2020-12-31,2020-10-01,2020-12-31,2020-11-01,2020-11-30,2020-11-23,2020-11-29
20201130,2020-11-30,2020,2,4,11,Noviembre,49,Lunes,2020-01-01,2020-12-30,2020-07-01,2020-12-31,2020-10-01,2020-12-31,2020-11-01,2020-11-30,2020-11-30,2020-12-06
20201201,2020-12-01,2020,2,4,12,Diciembre,49,Martes,2020-01-01,2020-12-30,2020-07-01,2020-12-31,2020-10-01,2020-12-31,2020-12-01,2020-12-31,2020-11-30,2020-12-06
20201202,2020-12-02,2020,2,4,12,Diciembre,49,Miércoles,2020-01-01,2020-12-30,2020-07-01,2020-12-31,2020-10-01,2020-12-31,2020-12-01,2020-12-31,2020-11-30,2020-12-06
20201203,2020-12-03,2020,2,4,12,Diciembre,49,Jueves,2020-01-01,2020-12-30,2020-07-01,2020-12-31,2020-10-01,2020-12-31,2020-12-01,2020-12-31,2020-11-30,2020-12-06
20201204,2020-12-04,2020,2,4,12,Diciembre,49,Viernes,2020-01-01,2020-12-30,2020-07-01,2020-12-31,2020-10-01,2020-12-31,2020-12-01,2020-12-31,2020-11-30,2020-12-06
20201205,2020-12-05,2020,2,4,12,Diciembre,49,Sábado,2020-01-01,2020-12-30,2020-07-01,2020-12-31,2020-10-01,2020-12-31,2020-12-01,2020-12-31,2020-11-30,2020-12-06
20201206,2020-12-06,2020,2,4,12,Diciembre,49,Domingo,2020-01-01,2020-12-30,2020-07-01,2020-12-31,2020-10-01,2020-12-31,2020-12-01,2020-12-31,2020-11-30,2020-12-06
20201207,2020-12-07,2020,2,4,12,Diciembre,50,Lunes,2020-01-01,2020-12-30,2020-07-01,2020-12-31,2020-10-01,2020-12-31,2020-12-01,2020-12-31,2020-12-07,2020-12-13
20201208,2020-12-08,2020,2,4,12,Diciembre,50,Martes,2020-01-01,2020-12-30,2020-07-01,2020-12-31,2020-10-01,2020-12-31,2020-12-01,2020-12-31,2020-12-07,2020-12-13
20201209,2020-12-09,2020,2,4,12,Diciembre,50,Miércoles,2020-01-01,2020-12-30,2020-07-01,2020-12-31,2020-10-01,2020-12-31,2020-12-01,2020-12-31,2020-12-07,2020-12-13
20201210,2020-12-10,2020,2,4,12,Diciembre,50,Jueves,2020-01-01,2020-12-30,2020-07-01,2020-12-31,2020-10-01,2020-12-31,2020-12-01,2020-12-31,2020-12-07,2020-12-13
20201211,2020-12-11,2020,2,4,12,Diciembre,50,Viernes,2020-01-01,2020-12-30,2020-07-01,2020-12-31,2020-10-01,2020-12-31,2020-12-01,2020-12-31,2020-12-07,2020-12-13
20201212,2020-12-12,2020,2,4,12,Diciembre,50,Sábado,2020-01-01,2020-12-30,2020-07-01,2020-12-31,2020-10-01,2020-12-31,2020-12-01,2020-12-31,2020-12-07,2020-12-13
20201213,2020-12-13,2020,2,4,12,Diciembre,50,Domingo,2020-01-01,2020-12-30,2020-07-01,2020-12-31,2020-10-01,2020-12-31,2020-12-01,2020-12-31,2020-12-07,2020-12-13
20201214,2020-12-14,2020,2,4,12,Diciembre,51,Lunes,2020-01-01,2020-12-30,2020-07-01,2020-12-31,2020-10-01,2020-12-31,2020-12-01,2020-12-31,2020-12-14,2020-12-20
20201215,2020-12-15,2020,2,4,12,Diciembre,51,Martes,2020-01-01,2020-12-30,2020-07-01,2020-12-31,2020-10-01,2020-12-31,2020-12-01,2020-12-31,2020-12-14,2020-12-20
20201216,2020-12-16,2020,2,4,12,Diciembre,51,Miércoles,2020-01-01,2020-12-30,2020-07-01,2020-12-31,2020-10-01,2020-12-31,2020-12-01,2020-12-31,2020-12-14,2020-12-20
20201217,2020-12-17,2020,2,4,12,Diciembre,51,Jueves,2020-01-01,2020-12-30,2020-07-01,2020-12-31,2020-10-01,2020-12-31,2020-12-01,2020-12-31,2020-12-14,2020-12-20
20201218,2020-12-18,2020,2,4,12,Diciembre,51,Viernes,2020-01-01,2020-12-30,2020-07-01,2020-12-31,2020-10-01,2020-12-31,2020-12-01,2020-12-31,2020-12-14,2020-12-20
20201219,2020-12-19,2020,2,4,12,Diciembre,51,Sábado,2020-01-01,2020-12-30,2020-07-01,2020-12-31,2020-10-01,2020-12-31,2020-12-01,2020-12-31,2020-12-14,2020-12-20
20201220,2020-12-20,2020,2,4,12,Diciembre,51,Domingo,2020-01-01,2020-12-30,2020-07-01,2020-12-31,2020-10-01,2020-12-31,2020-12-01,2020-12-31,2020-12-14,2020-12-20
20201221,2020-12-21,2020,2,4,12,Diciembre,52,Lunes,2020-01-01,2020-12-30,2020-07-01,2020-12-31,2020-10-01,2020-12-31,2020-12-01,2020-12-31,2020-12-21,2020-12-27
20201222,2020-12-22,2020,2,4,12,Diciembre,52,Martes,2020-01-01,2020-12-30,2020-07-01,2020-12-31,2020-10-01,2020-12-31,2020-12-01,2020-12-31,2020-12-21,2020-12-27
20201223,2020-12-23,2020,2,4,12,Diciembre,52,Miércoles,2020-01-01,2020-12-30,2020-07-01,2020-12-31,2020-10-01,2020-12-31,2020-12-01,2020-12-31,2020-12-21,2020-12-27
20201224,2020-12-24,2020,2,4,12,Diciembre,52,Jueves,2020-01-01,2020-12-30,2020-07-01,2020-12-31,2020-10-01,2020-12-31,2020-12-01,2020-12-31,2020-12-21,2020-12-27
20201225,2020-12-25,2020,2,4,12,Diciembre,52,Viernes,2020-01-01,2020-12-30,2020-07-01,2020-12-31,2020-10-01,2020-12-31,2020-12-01,2020-12-31,2020-12-21,2020-12-27
20201226,2020-12-26,2020,2,4,12,Diciembre,52,Sábado,2020-01-01,2020-12-30,2020-07-01,2020-12-31,2020-10-01,2020-12-31,2020-12-01,2020-12-31,2020-12-21,2020-12-27
20201227,2020-12-27,2020,2,4,12,Diciembre,52,Domingo,2020-01-01,2020-12-30,2020-07-01,2020-12-31,2020-10-01,2020-12-31,2020-12-01,2020-12-31,2020-12-21,2020-12-27
20201228,2020-12-28,2020,2,4,12,Diciembre,53,Lunes,2020-01-01,2020-12-30,2020-07-01,2020-12-31,2020-10-01,2020-12-31,2020-12-01,2020-12-31,2020-12-28,2021-01-03
20201229,2020-12-29,2020,2,4,12,Diciembre,53,Martes,2020-01-01,2020-12-30,2020-07-01,2020-12-31,2020-10-01,2020-12-31,2020-12-01,2020-12-31,2020-12-28,2021-01-03
20201230,2020-12-30,2020,2,4,12,Diciembre,53,Miércoles,2020-01-01,2020-12-30,2020-07-01,2020-12-31,2020-10-01,2020-12-31,2020-12-01,2020-12-31,2020-12-28,2021-01-03
20201231,2020-12-31,2020,2,4,12,Diciembre,53,Jueves,2020-01-01,2020-12-30,2020-07-01,2020-12-31,2020-10-01,2020-12-31,2020-12-01,2020-12-31,2020-12-28,2021-01-03
